STT,link post
1,https://www.cars.com/
2,https://www.imdb.com/title/tt0317219/
3,https://en.wikipedia.org/wiki/Cars_(film)
4,https://dictionary.cambridge.org/vi/topics/road-vehicles/cars/
5,https://www.ola.cars/
6,https://www.carmax.com/
7,https://www.caranddriver.com/features/g28985154/future-cars/
8,https://www.kbb.com/cars/
9,https://www.carsales.com.au/
10,https://www.tesla.com/
11,https://www.carwale.com/new-cars/
12,https://www.carwale.com/
13,https://www.cardekho.com/newcars
14,https://www.cardekho.com/
15,https://www.truecar.com/
16,https://www.disneyplus.com/movies/cars/41KYquQjLwge
17,https://www.autotrader.co.uk/
18,https://www.rottentomatoes.com/m/cars
19,https://www.pixar.com/feature-films/cars
20,https://www.edmunds.com/new-cars/
21,https://www.volvocars.com/
22,https://www.carvana.com/
23,https://www.cazoo.co.uk/
24,https://www.projectcarsgame.com/
25,https://www.ford.com/
26,https://www.lotuscars.com/
27,https://www.motors.co.uk/used-cars/
28,https://collectingcars.com/
29,https://www.chevrolet.com/
30,https://www.carfax.com/
31,https://cars.usnews.com/cars-trucks
32,https://www.dodge.com/
33,https://www.rentalcars.com/
34,https://www.toyota.com/
35,https://www.netcarshow.com/
36,https://www.capitalone.com/cars/
37,https://www.carsguide.com.au/
38,https://www.theverge.com/2022/7/13/23206999/car-subscription-nightmare-heated-seats-remote-start
39,https://turo.com/
40,https://www.webuycars.co.za/buy-a-car
41,https://www.theguardian.com/books/2022/jul/11/the-big-idea-should-cars-be-banned-from-cities
42,https://cars.disney.com/cars
43,https://cars.mclaren.com/us-en
44,https://www.cargurus.com/
45,https://cars.tatamotors.com/
46,https://www.sgcarmart.com/used_cars/index.php?
47,https://tfl.gov.uk/modes/driving/ultra-low-emission-zone/cars
48,https://www.arnoldclark.com/used-cars
49,https://www.nadaguides.com/Cars
50,https://www.turners.co.nz/
51,https://www.hyundaiusa.com/us/en
52,https://unsplash.com/s/photos/cars
53,https://cars.ksl.com/
54,https://www.kijijiautos.ca/
55,https://www.autonation.com/
56,https://www.ebay.com/b/Cars-Trucks/6001/bn_1865117
57,https://www.bristolstreet.co.uk/used-cars/
58,https://jalopnik.com/what-tv-show-has-the-worst-cars-1849172661
59,https://www.usedcarsni.com/
60,https://www.kayak.com/cars
61,https://www.vroom.com/cars
62,https://www.iaai.com/
63,https://www.enterprise.com/en/home.html
64,https://www.carsireland.ie/
65,https://www.carzone.ie/
66,https://www.autoblog.com/
67,https://arstechnica.com/cars/2022/07/no-bmw-is-not-making-heated-seats-a-subscription-for-us-cars/
68,https://www.thecarconnection.com/
69,https://www.discovercars.com/
70,https://www.motorsport.com/f1/news/mercedes-feared-missing-austrian-gp-if-cars-were-damaged-in-sprint-race/10337783/
71,https://www.carsome.my/buy-car
72,https://www.telegraph.co.uk/cars/
73,https://www.theaa.com/cars/
74,https://www.consumerreports.org/cars/
75,https://www.zipcar.com/
76,https://www.jdpower.com/cars
77,https://www.honda.co.uk/cars.html
78,https://carsandbids.com/
79,https://www.carwow.co.uk/used-cars
80,https://shift.com/cars
81,https://www.redbullracing.com/int-en/cars
82,https://www.carandbike.com/new-cars
83,https://www.kia.com/us/en
84,https://www.lexus.com/
85,https://www.mbusa.com/en/home
86,https://bestsellingcarsblog.com/
87,https://www.cadillac.com/
88,https://www.mobile.de/?lang=en
89,https://www.nytimes.com/2022/07/12/climate/electric-vehicle-tax-credits-manchin.html
90,https://www.fueleconomy.gov/feg/findacar.shtml
91,https://www.rolls-roycemotorcars.com/
92,https://www.android.com/auto/compatibility/
93,https://www.cartrade.com/new-cars/
94,https://www.porsche.com/usa/
95,https://www.amazon.com/Cars-Single-Disc-Widescreen-Owen-Wilson/dp/B00005JNS0
96,https://www.cars24.com/
97,https://www.theatlantic.com/science/archive/2022/07/electric-cars-climate-change-environmental-impact/670505/
98,https://techcrunch.com/2022/07/12/honda-key-fob-flaw-hackers/
99,https://bid.cars/
100,https://www.cars-int.org/
101,https://www.vw.com/en.html
102,https://www.carsandcoffee.com.sg/
103,https://jiji.ng/cars
104,https://www.cnbc.com/2022/07/09/auto-dealerships-are-facing-a-shortage-of-technicians-to-fix-cars-heres-why.html
105,https://www.thetruthaboutcars.com/
106,https://www.donedeal.ie/cars
107,https://www.enterprisecarsales.com/
108,https://6abc.com/avalon-new-jersey-stolen-cars-luxury-vehicles-shore-crime/12049741/
109,https://intercars.eu/
110,https://www.carsoup.com/
111,https://www.car.com/
112,https://www.evanshalshaw.com/
113,https://www.bigmotoringworld.co.uk/used-cars/
114,https://ship.cars/
115,https://www.mahindrafirstchoice.com/
116,https://disneyland.disney.go.com/attractions/disney-california-adventure/radiator-springs-racers/
117,https://www.motability.co.uk/products/cars/
118,https://www.bbc.com/news/business-60429584
119,https://www.expedia.com/Cars
120,https://chicago.suntimes.com/2022/7/13/23206224/car-lot-lender-deactivated-cars-with-kill-switch-after-borrowers-fell-behind-on-payments-lawsuit
121,https://www.iea.org/commentaries/electric-cars-fend-off-supply-challenges-to-more-than-double-global-sales
122,https://www.alpinecars.com/en/
123,https://www.parkers.co.uk/cars-for-sale/used/
124,https://okcars.tax.ok.gov/
125,https://robbreport.com/motors/cars/
126,https://twitter.com/carsdotcom
127,https://7zap.com/en/catalog/cars/
128,https://pixar.fandom.com/wiki/Cars
129,https://www.co-cars.co.uk/
130,https://www.usatoday.com/money/cars/
131,https://play.google.com/store/apps/details?id=com.cars.android&hl=en_US&gl=US
132,https://www.jamesedition.com/cars
133,https://www.marutisuzukitruevalue.com/used-cars-in-chennai
134,https://carsla.net/
135,https://www.gov.uk/tax-company-benefits/tax-on-company-cars
136,https://www.popularmechanics.com/cars/g93/the-100-hottest-cars-of-all-time/
137,https://www.stoneacre.co.uk/used-cars
138,https://motus.cars/
139,https://www.subaru.com.au/
140,https://classiccars.com/
141,https://www.leithcars.com/
142,https://www.carsforsale.com/
143,https://www.lacitycars.com/used-cars
144,https://www.autoevolution.com/cars/
145,https://www.whatcar.com/
146,https://www.dailymail.co.uk/money/cars/index.html
147,https://www.olx.com.pk/cars_c84
148,https://www.citroen.co.uk/
149,https://tc.canada.ca/en/corporate-services/acts-regulations/list-regulations/canadian-aviation-regulations-sor-96-433
150,https://www.reddit.com/r/cars/
151,https://careasy.org/
152,https://theconversation.com/cars-will-change-more-in-the-next-decade-than-they-have-in-the-past-century-113585
153,https://www.affordable-cars.co.uk/
154,https://www.wired.com/tag/cars/
155,https://www.spinny.com/used-cars-in-coimbatore/s/
156,https://www.marshall.co.uk/used-cars/
157,https://auto.howstuffworks.com/car.htm
158,https://traxxas.com/
159,https://www.zigwheels.com/newcars
160,https://greenercars.org/
161,https://www.wapcar.my/cars
162,https://spykercars.com/
163,https://books.google.com.vn/books?id=HHzivRo3K3wC&pg=PA26&lpg=PA26&dq=cars&source=bl&ots=1J4GLlzBAs&sig=ACfU3U2qWVsSyk5OFFbGue0q1yqZZ2m-5w&hl=vi&sa=X&ved=2ahUKEwjNz8_h9_f4AhW2hVYBHUHVDlg4qgEQ6AF6BAgTEAM
164,https://www.forbes.com/wheels/best/electric-cars/
165,https://www.caterhamcars.com/en
166,https://finance.yahoo.com/news/walmart-just-ordered-4-500-193553774.html
167,https://electrek.co/2022/07/12/tesla-tries-help-texas-grid-amid-heat-wave-with-cars-until-powerwalls/
168,https://www.bleepingcomputer.com/news/security/hackers-can-unlock-honda-cars-remotely-in-rolling-pwn-attacks/
169,https://www.ign.com/articles/bmw-cars-microtransactions
170,https://www.foxnews.com/auto/gmc-typhoon-suv-hottest-collector-cars-today
171,https://www.fox2detroit.com/news/cars-trucks-travel-trailer-more-up-for-auction-in-allen-park
172,https://www.roadandtrack.com/car-culture/buying-maintenance/g6830/best-luxury-cars-brands/
173,https://en.as.com/soccer/real-madrid-announce-bmw-sponsorship-deal-what-cars-will-the-players-get-n/
174,https://www.autocar.co.uk/slideshow/great-used-cars-you-can-buy-%C2%A37000-5
175,https://www.commonsensemedia.org/movie-reviews/cars
176,https://www.windsor.ie/used-cars/
177,https://books.google.com.vn/books?id=tm2dYHEmeEAC&pg=PA10&lpg=PA10&dq=cars&source=bl&ots=l-4gL4YZP7&sig=ACfU3U3euOXBxJuEBFg3w-5ev0Fi88_YZw&hl=vi&sa=X&ved=2ahUKEwjG-Yb_9_f4AhVmqVYBHSAACVc4tAEQ6AF6BAgWEAM
178,https://www.news24.com/wheels/news/sa_vehicle_sales/forget-bakkies-and-suvs-little-city-cars-drive-big-numbers-in-sa-sales-junes-most-popular-buys-20220714-2
179,https://www.facebook.com/PixarCars/
180,https://www.carscoops.com/2022/07/repossessions-on-cars-are-exploding-and-thats-bad-news-for-everyone/
181,https://www.wdrb.com/news/people-at-and-near-louisville-area-park-continue-to-have-their-cars-broken-into/article_9577bc52-0257-11ed-a016-ff45116bbc6f.html
182,https://www.gumtree.com/cars
183,https://www.businessinsider.com/most-beautiful-cars-on-sale-today-2017-5
184,https://www.motor1.com/car-lists/coolest-cars/
185,https://www.autoexpress.co.uk/best-cars-vans/86820/best-motability-cars-2022-top-choices-each-sector-motability-customers/best-small-cars-motability
186,https://www.ft.com/content/8089bb56-30fe-11ea-9703-eea0cae3f0de
187,https://www.mlive.com/news/ann-arbor/2022/07/more-than-200-classic-cars-will-roll-through-ann-arbor-during-popular-event.html
188,https://today.rtl.lu/news/luxembourg/a/1940601.html
189,https://guardian.ng/life/heading-abroad-this-summer-rent-luxury-cars-without-the-guilt/
190,https://www.motortrend.com/news/emergency-airplane-landing-highway-cars-video/
191,https://books.google.com.vn/books?id=kVAjAQAAMAAJ&pg=PA294&lpg=PA294&dq=cars&source=bl&ots=T0hJNtweZ_&sig=ACfU3U3Xk-5apsPCpUUgCNA5BrPLLIUWpQ&hl=vi&sa=X&ved=2ahUKEwjgycCc-Pf4AhV9mFYBHRhsDFg4vgEQ6AF6BAgXEAM
192,https://books.google.com.vn/books?id=CYsrAAAAIAAJ&pg=PR11&lpg=PR11&dq=cars&source=bl&ots=Qop_Q3wyui&sig=ACfU3U0ybRyD1HM7BFdinCjULfvoaL_2yQ&hl=vi&sa=X&ved=2ahUKEwjgycCc-Pf4AhV9mFYBHRhsDFg4vgEQ6AF6BAgYEAM
193,https://www.wired.com/story/jd-power-korean-cars-beat-us-europe-quality/
194,https://www.pakwheels.com/
195,https://www.thestar.com/entertainment/opinion/2022/07/13/pay-a-monthly-subscription-for-your-cars-heated-seats-its-time-for-big-auto-to-hit-the-brakes-on-cash-grabs.html
196,https://sportscar365.com/lemans/wec/peugeot-welcome-to-idea-of-having-customer-lmh-cars/
197,https://www.businesswire.com/news/home/20220713005089/en/Polestar-Cars-Reports-125-Sales-Increase-for-First-Half-of-2022-and-Reaffirms-Sales-Guidance-for-Full-Year
198,https://www.drive.com.au/caradvice/drive-flashback-the-weirdest-french-cars-ever/
199,https://books.google.com.vn/books?id=HHzivRo3K3wC&pg=PA95&lpg=PA95&dq=cars&source=bl&ots=1J4GLlzDFp&sig=ACfU3U3aMhl6Y8yvX7AXm9wU7y1nIxzyHQ&hl=vi&sa=X&ved=2ahUKEwjKi7bX-Pf4AhWWft4KHdxRBH840gEQ6AF6BAgUEAM
200,https://www.13wmaz.com/article/news/local/train-cars-derail-in-warner-robins-georgia/93-fd3cf031-0340-41f9-b591-eaae60182faf
201,https://www.wcax.com/2022/07/12/multiple-cars-target-catalytic-converter-thefts/
202,https://www.mlive.com/news/ann-arbor/2022/07/catalytic-converters-tires-reported-stolen-off-cars-in-chelsea.html
203,https://www.gov.uk/driving-test/using-your-own-car
204,https://books.google.com.vn/books?id=kVAjAQAAMAAJ&pg=PA698&lpg=PA698&dq=cars&source=bl&ots=T0hJNtwf0T&sig=ACfU3U0bNabu2e-CU5n4P5Xn5HlD8FBwlA&hl=vi&sa=X&ved=2ahUKEwjKi7bX-Pf4AhWWft4KHdxRBH840gEQ6AF6BAgVEAM
205,https://elitetraveler.com/luxury-transport/automotive/the-best-luxury-cars-of-2019
206,https://www.europosters.it/poster/cars-characters-v31554
207,https://www.cars.com/
208,https://cars.disney.com/
209,https://en.wikipedia.org/wiki/Cars_(film)
210,https://www.cars.co.za/
211,https://www.cars.bg/
212,https://www.carmax.com/cars
213,https://www.carsales.com.au/
214,https://www.cars.co.za/usedcars.php
215,https://www.carsireland.ie/
216,https://www.imdb.com/title/tt0317219/
217,https://www.carsforsale.com/
218,https://www.cars.net/
219,https://www.cars.cz/
220,https://pixar.fandom.com/wiki/Cars
221,https://www.cardekho.com/newcars
222,https://www.zigwheels.com/newcars
223,https://www.autotrader.co.za/
224,https://disney.fandom.com/wiki/Cars
225,https://www.cargurus.com/Cars/new/
226,https://www.usedcars.com/
227,https://www.cars.cz/inzerce/
228,https://www.cargurus.com/Cars/spt_used_cars
229,https://jiji.co.ke/cars
230,https://www.carzone.ie/used-cars
231,https://www.autotrader.co.uk/cars/uk
232,https://www.zigwheels.ph/new-cars
233,https://www.carsguide.com.au/
234,https://www.carmudi.com.ph/latest-cars/
235,https://www.carsales.com.au/cars/used/
236,https://www.cardealer.co.za/
237,https://www.cars-r-us.com/
238,https://www.carlist.my/used-cars-for-sale/malaysia?badge_operator=OR&page_size=25&page_number=1
239,https://www.crazygames.com/t/car
240,https://www.toyota.com/cars/
241,https://cars.usnews.com/cars-trucks/best-city-cars
242,https://www.trademe.co.nz/a/motors/cars
243,https://www.autotrader.ca/
244,https://www.sgcarmart.com/main/index.php
245,https://ets2.lt/en/category/cars/
246,https://www.autotrader.co.nz/
247,https://www.modland.net/beamng.drive-mods/cars
248,https://www.motor1.com/car-lists/coolest-cars/
249,https://cars.disney.com/movies
250,https://en.wikipedia.org/wiki/Category:1940s_cars
251,https://www.aucklandcars.nz/
252,https://poki.com/en/g/blocky-cars
253,https://poki.com/en/g/merge-gangster-cars
254,https://www.jacars.net/cars/
255,https://www.imdb.com/title/tt1216475/
256,https://www.cardekho.com/mostpopularcars
257,https://www.youtube.com/watch?v=xuZA6qiJVfU
258,https://www.carsireland.ie/used-cars
259,https://www.projectcarsgame.com/two/the-cars/
260,https://disney.fandom.com/wiki/Cars_on_the_Road
261,https://www.carsdirect.com/new_cars/search
262,https://ms.wikipedia.org/wiki/Cars_3
263,https://www.wsj.com/video/series/wsj-explains/low-inventory-and-ev-sales-fuel-changes-in-how-americans-buy-cars/010834F9-A1F1-4D85-BCAC-C634D2F5923B
264,https://www.autocar.co.uk/car-news/new-cars/pagani-continue-releasing-v12-hypercars-after-scrapping-ev-plan
265,https://carsandbids.com/auctions/KYYbXGAJ/1999-porsche-911-carrera-coupe
266,https://rmsothebys.com/en/auctions/mo22/monterey/lots/r0041-1947-chrysler-town-and-country-convertible/1244361
267,https://twitter.com/Autopten
268,https://www.couriermail.com.au/motoring/new-cars/2022-subaru-wrx-manual-review/news-story/fe93d67d20176412c2c807c17b16a49d
269,https://www.target.com/p/cars-4k-uhd/-/A-76627432
270,https://www.honda.co.uk/engineroom/cars/the-honda-civic-at-fifty/
271,https://www.rideapart.com/features/598065/bmw-heated-seat-subscriptions-cars/
272,https://www.dynamicdefensesolutions.com/company.html
273,https://e-cars.hu/2022/07/14/leallitjak-a-mercedes-benz-eqc-sorozatgyartasat/
274,https://fol.sido.puglia.it/
275,http://www.deptfordtributes.co.ukenzzcars.exblog.jp/
276,https://www.volvocars.com/au/cars/s60/
277,https://www.auto.com/es/cars-for-sale/less-than-10000-dollars
278,https://www.ebay.co.uk/b/Citroen-Cars/18174/bn_2315825
279,https://collectingcars.com/for-sale/1997-range-rover-p38-4-6-vogue
280,https://www.target.com/c/disney-pixar-cars/-/N-4yyzu
281,https://www.yelp.com/biz/competition-cars-and-classics-salem
282,https://www.donedeal.ie/cars/KIA/e-Niro/Petrol
283,https://www.liverpoolecho.co.uk/news/liverpool-news/four-officers-rushed-hospital-after-24454117
284,https://lpi.adifer.vicenza.it/
285,https://es.wikipedia.org/wiki/Cars
286,https://sites.libsyn.com/403994/ttac-episode-5
287,https://www.proxibid.com/Group-of-12-Hotwheels-Cars-Trucks/lotInformation/69990121
288,https://xua.businessplan.torino.it/
289,https://pio.affittocase.livorno.it/
290,https://zh.wikipedia.org/wiki/Carsick_Cars
291,https://collectingcars.com/for-sale/2021-lamborghini-huracan-sto
292,https://www.donedeal.ie/cars/Mercedes-Benz/EQE/Galway
293,https://no.wikipedia.org/wiki/AC_Cars
294,https://tr.wikipedia.org/wiki/AC_Cars
295,https://fr.wikipedia.org/wiki/Mod%C3%A8le:Cars_R%C3%A9gion_AURA/Police
296,https://daily18.tistory.com/3
297,https://www.goautokelowna.ca/
298,https://es.wikipedia.org/wiki/AC_Cars
299,https://oac.businessplan.torino.it/
300,https://it.wikiquote.org/wiki/Rolls-Royce_Motor_Cars
301,https://smu.businessplan.torino.it/
302,https://www.cars.com/
303,https://cars.disney.com/
304,https://www.cars.cz/
305,https://www.cars.co.za/
306,https://www.cars.bg/
307,https://fr.wikipedia.org/wiki/Cars_(film)
308,https://en.wikipedia.org/wiki/Cars_(film)
309,https://www.carmax.com/cars
310,https://www.cars.net/
311,https://de.wikipedia.org/wiki/Cars_(Film)
312,https://www.zigwheels.com/newcars
313,https://www.carsforsale.com/
314,https://es.wikipedia.org/wiki/Cars
315,https://nl.wikipedia.org/wiki/Cars_(film)
316,https://www.cars.cz/inzerce/
317,https://disney.fandom.com/wiki/Cars
318,https://pixar.fandom.com/wiki/Cars
319,https://www.carwale.com/new-cars/
320,https://www.zigwheels.ph/new-cars
321,https://www.imdb.com/title/tt0317219/
322,https://www.usedcars.com/
323,https://xemphim.fun/movie/cars~674
324,https://www.cargurus.ca/Cars/spt_used_cars
325,https://www.carsguide.com.au/
326,https://www.motors.co.uk/
327,https://www.cargurus.com/Cars/spt_used_cars
328,https://www.cargurus.com/Cars/new/
329,https://jiji.co.ke/cars
330,https://www.carzone.ie/used-cars
331,https://www.motor1.com/car-lists/future-cars/
332,https://cars.ng/
333,https://cars.usnews.com/cars-trucks/best-city-cars
334,https://www.cars-int.org/
335,https://www.motor1.com/car-lists/coolest-cars/
336,https://www.autotrader.co.za/cars-for-sale
337,https://www.youtube.com/watch?v=xuZA6qiJVfU
338,https://en.wikipedia.org/wiki/Car
339,https://cars.usnews.com/cars-trucks
340,https://www.projectcarsgame.com/two/the-cars/
341,https://www.youtube.com/watch?v=Im3JzxlatUs
342,https://www.cardealer.co.za/
343,https://cars.ni/
344,https://www.carsireland.ie/used-cars
345,https://www.trademe.co.nz/a/motors/cars
346,https://www.pinterest.com/uncrate/cars/
347,https://www.carsdirect.com/
348,https://carsandbids.com/what-is/
349,https://cars24.com/ae/buy-used-TOYOTA-COROLLA-2020-cars-Dubai-9714816251
350,https://ms.wikipedia.org/wiki/Cars_3
351,https://collectingcars.com/for-sale/1997-range-rover-p38-4-6-vogue
352,https://carsandbids.com/auctions/KYYbXGAJ/1999-porsche-911-carrera-coupe
353,https://poki.com/en/g/blocky-cars
354,https://www.wsj.com/video/series/wsj-explains/low-inventory-and-ev-sales-fuel-changes-in-how-americans-buy-cars/010834F9-A1F1-4D85-BCAC-C634D2F5923B
355,https://www.volvocars.com/au/cars/s60/
356,https://www.target.com/p/disney-pixar-cars-track-talkers-lightning-mcqueen-and-mater-vehicle-2pk/-/A-83351851
357,https://fol.sido.puglia.it/
358,https://rmsothebys.com/en/auctions/mo22/monterey/lots/r0041-1947-chrysler-town-and-country-convertible/1244361
359,https://twitter.com/Autopten
360,https://no.wikipedia.org/wiki/AC_Cars
361,https://www.rideapart.com/features/598065/bmw-heated-seat-subscriptions-cars/
362,https://lpi.adifer.vicenza.it/
363,https://zh.wikipedia.org/wiki/Carsick_Cars
364,https://cars.usnews.com/cars-trucks/rankings
365,https://www.edmunds.com/new-cars/
366,https://www.truecar.com/
367,https://www.cargurus.com/
368,https://carsonline.com/
369,https://www.rolls-roycemotorcars.com/
370,https://cars.softonic.com.br/
371,https://www.auto.com/es/cars-for-sale/less-than-10000-dollars
372,https://www.ebay.co.uk/b/Citroen-Cars/18174/bn_2315825
373,https://www.honda.co.uk/engineroom/cars/the-honda-civic-at-fifty/
374,https://www.yelp.com/biz/competition-cars-and-classics-salem
375,https://xua.businessplan.torino.it/
376,https://ctm.comuni.fvg.it/
377,https://sites.libsyn.com/403994/ttac-episode-5
378,https://www.goautokelowna.ca/
379,https://www.proxibid.com/Group-of-12-Hotwheels-Cars-Trucks/lotInformation/69990121
380,https://it.wikiquote.org/wiki/Rolls-Royce_Motor_Cars
381,http://www.highlinecarsltd.co.uk/
382,https://cars.disney.com/
383,https://yandex.com/games/category/race
384,https://en.wikipedia.org/wiki/Cars_(franchise)
385,https://www.facebook.com/PixarCars/
386,https://auto.ru/catalog/cars/
387,https://auto.ru/catalog/cars/vaz/
388,https://auto.ru/catalog/cars/mercedes/c_klasse/
389,https://www.youtube.com/channel/UCMmjiet6Ul7oIkd_sqKqy-g
390,https://yandex.ru/games/tag/avtomobili_47
391,https://carbuzz.com/cars
392,//yandex.com/video/preview/?text=cars&path=yandex_search&parent-reqid=1657788720941300-15678325835403228031-sas5-9955-451-sas-l7-balancer-8080-BAL-3104&from_type=vast&filmId=975137078894027820
393,//yandex.com/video/preview/?text=cars&path=yandex_search&parent-reqid=1657788720941300-15678325835403228031-sas5-9955-451-sas-l7-balancer-8080-BAL-3104&from_type=vast&filmId=12253057614275061038
394,//yandex.com/video/preview/?text=cars&path=yandex_search&parent-reqid=1657788720941300-15678325835403228031-sas5-9955-451-sas-l7-balancer-8080-BAL-3104&from_type=vast&filmId=5235719020422076061
395,//yandex.com/video/preview/?text=cars&path=yandex_search&parent-reqid=1657788720941300-15678325835403228031-sas5-9955-451-sas-l7-balancer-8080-BAL-3104&from_type=vast&filmId=6835724209465691343
396,//yandex.com/video/preview/?text=cars&path=yandex_search&parent-reqid=1657788720941300-15678325835403228031-sas5-9955-451-sas-l7-balancer-8080-BAL-3104&from_type=vast&filmId=12834091975104122367
397,//yandex.com/video/preview/?text=cars&path=yandex_search&parent-reqid=1657788720941300-15678325835403228031-sas5-9955-451-sas-l7-balancer-8080-BAL-3104&from_type=vast&filmId=10551359940771782854
398,https://www.reddit.com/r/cars/
399,https://www.auto.com/cars-for-sale
400,http://cars.disney.com
401,https://www.kbb.com/cars/
402,https://en.m.wikipedia.org/wiki/Car
403,https://pixabay.com/images/search/cars/
404,https://www.iseecars.com/cars-for-sale
405,https://unsplash.com/s/photos/car
406,https://car.ru/
407,https://car.ru/news/automobili/215544-cherez-paru-let-rossiyane-perestanut-pokupat-koreyskie-mashinyi-na-eieto-est-3-prichinyi/
408,https://car.ru/news/pdd/215683-3-narusheniya-za-kotoryie-sotrudniki-gibdd-nakazyivayut-strozhe-chem-polagaetsya/
409,https://car.ru/news/ussr/215552-amerikanskiy-duh-kakie-pikapyi-vyipuskalis-v-sssr/
410,https://car.ru/news/automobili/215680-v-kakie-mashinyi-luchshe-ne-zalivat-98-y-i-100-y-benzin/
411,https://car.ru/news/automobili/215577-nulevoy-iznos-kakovyi-optimalnyie-oborotyi-motora/
412,https://car.ru/news/automobili/215694-stoit-li-pokupat-skoda-superb-s-probegom/
413,https://car.ru/news/automobili/215693-10-legendarnyih-avtomobiley-nazvannyih-v-chest-rek-i-morey/
414,https://car.ru/news/automobili/218064-chem-luchshe-obrabotat-avtomobil-ot-korrozii-top-luchshih-sredstv/
415,https://car.ru/news/automobili/218053-arenda-avtomobilya-s-posleduyuschim-vyikupom-kak-oformit/
416,https://car.ru/news/automobili/218054-plyusyi-i-minusyi-chernogo-tsveta-mashinyi/
417,https://auto.mail.ru/catalog/
418,/search/?msid=1657788718324836-15383340318827175115-sas5-9955-451-sas-l7-balancer-8080-BAL-1531&text=%2Bcars&lr=10552&p=1&missword=1
419,https://cars.usnews.com/cars-trucks/rankings
420,https://www.car.com/
421,https://www.drive2.ru/cars/
422,https://www.caranddriver.com/
423,https://www.carmax.com/cars
424,https://www.carsforsale.com/
425,https://www.autolist.com/
426,https://carsbase.com/photo/
427,https://www.auto1.com/
428,https://www.y8.com/tags/car
429,https://www.truecar.com/
430,https://www.drom.ru/catalog/
431,/search/?msid=1657788718324836-15383340318827175115-sas5-9955-451-sas-l7-balancer-8080-BAL-1531&text=%2Bcars&lr=10552&p=2&missword=1
432,https://www.cars.com/
433,https://www.booking.com/cars/index.en-gb.html
434,https://www.cardekho.com/
435,https://www.usedcars.com/
436,https://quto.ru/
437,/search/?msid=1657788718324836-15383340318827175115-sas5-9955-451-sas-l7-balancer-8080-BAL-1531&text=%2Bcars&lr=10552&p=3&missword=1
438,https://www.kayak.com/cars
439,https://gamaverse.com/car/
440,https://www.jamesedition.com/cars
441,https://www.autoscout24.com/
442,https://vk.com/carsofficial
443,https://yabs.yandex.ru/count/X2KejI_zO0u4tI00X3e8s4qWHdjMpWK03WKnwDdFOWD014W6fDZQ_Q7yfCo00O010OW1oExHme41a07Izj7As820W0AO0TBsqSfOe076g076k06mwhgd8uYmdm7W0TxHX9q1w07m0Q02ekQd6S022zW22F02iFIstgW36h031DW4qSG7w0I7f0Bu1Fxa0eW5_kG2a0M-W0MW1VHig0NXMh05uLgu1UkY0S05Z-u6o0MWtm6aeTrze0Rk0gW6xWB91Ywb2OHMc6SjgGSEuampIdyVDx07W82O3BW7W0NG1nRO1mVW1uOAyGSdp-vhxgzZL8080j08e8A0WS22W0RW297pqmpe2GU02W6O2hcD1i4A0JIIWQYwvZ_92e_Wrm1DG_m_-0g0jHYg2n11OkwY3k80034Bo0x0umK0sGle2_xa0l0B1eWCuA7alW6f310LpaP07Tu_w0oZ0k0DWu20m820W8W4higceEYAvhFO3WMX3zc04BZ2W22G48-wmRoaWEBSwi2mae81q13maB9V-10UW14WPwHYS-ET6Y0_y18VhSB_c_B1wO0Nu1FheW6W5EkY0QWKle05i1JXvSK1k1I8h3p0582nyjwBz6pO58EIefO6w1IC0iWL-EwrtB05q1M3agAM1jWLmOhsxAEFlFnZyA0MyBUqbWR95W10q1RWeUI-0O4N0F0_c1Uenfejg1S9m1UqbW7G5z260zWNtTO-u1UwtDgK1kWN0VYP6F0_e1WDi1Z5dR-M1hWO0T0O8VWOvU6Ut_22rfEr0O0PpRh9zOxbjeafa1a1e1dk0gWPbPgmbWIm6RWPqXaIUM5YSrzpPN9sPN8lSZOuDYqnw1c0mWFm6O320_WPqvZg884Q__-VXIOrQ2I86i24FPWQrCDJi1havucBkFIju6wu6WBr6W4000226r4nDZKtDpWuEJ0qDZCsDZSqBJ4uCp4uD3WqC3KsDpGmEJKvDZOmBNDXSpKjEJarDIqqDJ4jSs5pBMmtBM9XR65kOsLoBJWmE30jGa5CBJWqCZUm6qYu6mFf6m00002kXVn0y1lyXHo278WS1kaSW1t_VvaTo1t0X3tW7Q721UWTzEM7xVY-jQWey1sddVMNvyZtkXhu7Pciawl6j8-1Ae0UqFBtwEZ8nQCge1u2g1u1q1wbygVrYe6nzdlO7lhQ7eWV____0P4V843a_nwyyp-W7xZ2W22m7m787xY4s4_P7m000831XVn0u1-3XXof8B0WX80Wu201q27__m4Z04V8oB-554SC8-8GGa8Pcn6XSSyYals7E1zNmoCCx9PvuFefyZXosMNDWGsPsymblKYNjJ58fkUGB226dsjcamW9y6gm0mB08eeYUknd0qSKliwYgF53AX-Wtvt3Vds8PyTcWp1KavGWm_4wQeO11W00~1?etext=2202.7z_dG7-AWeEzdFJb18ikvXhyZGNtdmptZHJvenhrcW0.46a09cfc3150638839b0db27c3445b2f6798c8bd&from=yandex.com%3Bsearch%26%23x2F%3B%3Bweb%3B%3B0%3B&q=cars
444,https://yabs.yandex.ru/count/X2SejI_zO0u4xI00v3e8s4qW48ZX0WK03WKnwDdFOWD014W6fDZQ_Q7yfCo00O010OW1oExHme41a07Izj7As820W0AO0TBsqSfOe076g076k06mwhgd8y013DW1y8Ymdm7W0TxHX9q1w07m0Q02ekQd6S022zW22F02iFIstgW36h031DW4qSG7w0I7f0Bu1Fxa0eW5_kG2a0M-W0MW1VHig0NXMh05uLgu1UkY0S05Z-u6o0MWtm6aeTrze0Rk0gW6xWB91Ywb2OHMc6SjgGSEuampIdyVDx07W82O3BW7W0NG1nRO1mVW1uOAyGSdp-vhxgzZL8080j08e8A0WS22W0RW297pqmpe2GU02W6O2hcD1i4A0JIIWQYwvZ_92e_Wrm1DG_m_-0g0jHYg2n11OkwY3k80034Bo0x0umK0sGle2_xa0l0B1eWCuA7alW6f310LpaP07Tu_w0oZ0k0DWu20m820W8W4higceEYAvhFO3WMX3zc04BZ2W22G48-wmRoaWEBSwi2mae81q13maB9V-10UW14WPwHYS-ET6Y0_y18VhSB_c_B1wO0Nu1FheW6W5EkY0QWKle05i1JXvSK1k1I8h3p0582nyjwBz6pO58EIefO6w1IC0iWL-EwrtB05q1M3agAM1jWLmOhsxAEFlFnZyA0MyBUqbWR95W10q1RWeUI-0O4N0F0_c1Uenfejg1S9m1UqbW7G5z260zWNtTO-u1UwtDgK1kWN0VYP6F0_e1WDi1Z5dR-M1hWO0T0O8VWOvU6Ut_22rfEr0O0PpRh9zOxbjeafa1a1e1dk0gWPbPgmbWIm6RWPqXaIUM5YSrzpPN9sPN8lSZOuDYqnw1c0mWFm6O320_WPqvZg884Q__-VXIOrQ2I86i24FPWQrCDJi1havucBkFIju6wu6WBr6W4000226r4nDZKtDpWuEJ0qDZCsDZSqBJ4uCp4uD3WqC3KsDpGmEJKvDZOmBNDXSpKjEJarDIqqDJ4jSs5pBMmtBM9XR65kOsLoBJWmE30jGa5CBJWqCZUm6qYu6mFf6m00002kXVn0y1lyXHo278WS1kaSW1t_VvaTo1t0X3tW7Q721UWTzEM7xVY-jQWey1sddVMNvyZtkXhu7Pciawl6j8-1Ae0UqFBtwEZ8nQCge1u2g1u1q1wbygVrYe6nzdlO7lhQ7eWV____0P4V843a_nwyyp-W7xZ2W22m7m787xY4s4_P7m000831XVn0u1-3XXof8B0WX80Wu201q27__m4Y04V8oB-554SC8-8GGa8Pcn6XSSyYals7E1zNmoCCx9PvuFefyZXosMNDWGsPsymblKYNjJ58fkUGB226dsjcamW9y6gm0mB08eeYUknd0qSKliwYgF53AX-Wt-t3VdqQ1AUQH0SPZjTHCmmm~1?etext=2202.7z_dG7-AWeEzdFJb18ikvXhyZGNtdmptZHJvenhrcW0.46a09cfc3150638839b0db27c3445b2f6798c8bd&from=yandex.com%3Bsearch%26%23x2F%3B%3Bweb%3B%3B0%3B&q=cars
445,https://yabs.yandex.ru/count/X2SejI_zO0u4xI00v3e8s4qWlM-EcWK03WKnwDdFOWD014W6fDZQ_Q7yfCo00O010OW1oExHme41a07Izj7As820W0AO0TBsqSfOe076g076k06mwhgd8y014DW1y8Ymdm7W0TxHX9q1w07m0Q02ekQd6S022zW22F02iFIstgW36h031DW4qSG7w0I7f0Bu1Fxa0eW5_kG2a0M-W0MW1VHig0NXMh05uLgu1UkY0S05Z-u6o0MWtm6aeTrze0Rk0gW6xWB91Ywb2OHMc6SjgGSEuampIdyVDx07W82O3BW7W0NG1nRO1mVW1uOAyGSdp-vhxgzZL8080j08e8A0WS22W0RW297pqmpe2GU02W6O2hcD1i4A0JIIWQYwvZ_92e_Wrm1DG_m_-0g0jHYg2n11OkwY3k80034Bo0x0umK0sGle2_xa0l0B1eWCuA7alW6f310LpaP07Tu_w0oZ0k0DWu20m820W8W4higceEYAvhFO3WMX3zc04BZ2W22G48-wmRoaWEBSwi2mae81q13maB9V-10UW14WPwHYS-ET6Y0_y18VhSB_c_B1wO0Nu1FheW6W5EkY0QWKle05i1JXvSK1k1I8h3p0582nyjwBz6pO58EIefO6w1IC0iWL-EwrtB05q1M3agAM1jWLmOhsxAEFlFnZyA0MyBUqbWR95W10q1RWeUI-0O4N0F0_c1Uenfejg1S9m1UqbW7G5z260zWNtTO-u1UwtDgK1kWN0VYP6F0_e1WDi1Z5dR-M1hWO0T0O8VWOvU6Ut_22rfEr0O0PpRh9zOxbjeafa1a1e1dk0gWPbPgmbWIm6RWPqXaIUM5YSrzpPN9sPN8lSZOuDYqnw1c0mWFm6O320_WPqvZg884Q__-VXIOrQ2I86i24FPWQrCDJi1havucBkFIju6wu6WBr6W4000226r4nDZKtDpWuEJ0qDZCsDZSqBJ4uCp4uD3WqC3KsDpGmEJKvDZOmBNDXSpKjEJarDIqqDJ4jSs5pBMmtBM9XR65kOsLoBJWmE30jGa5CBJWqCZUm6qYu6mFf6m00002kXVn0y1lyXHo278WS1kaSW1t_VvaTo1t0X3tW7Q721UWTzEM7xVY-jQWey1sddVMNvyZtkXhu7Pciawl6j8-1Ae0UqFBtwEZ8nQCge1u2g1u1q1wbygVrYe6nzdlO7lhQ7eWV____0P4V843a_nwyyp-W7xZ2W22m7m787xY4s4_P7m000831XVn0u1-3XXof8B0WX80Wu201q27__m4Y04V8oB-554SC8-8GGa8Pcn6XSSyYals7E1zNmoCCx9PvuFefyZXosMNDWGsPsymblKYNjJ58fkUGB226dsjcamW9y6gm0mB08eeYUknd0qSKliwYgF53AX-Wt-t3VdqQ1AUQH0SPZjTHCmmm~1?etext=2202.7z_dG7-AWeEzdFJb18ikvXhyZGNtdmptZHJvenhrcW0.46a09cfc3150638839b0db27c3445b2f6798c8bd&from=yandex.com%3Bsearch%26%23x2F%3B%3Bweb%3B%3B0%3B&q=cars
446,http://WhoByCar.com/
447,https://bid.cars/
448,https://www.favcars.com/
449,https://www.instagram.com/carsdotcom/
450,https://www.crazygames.com/t/car
451,http://car.gr/
452,/search/?msid=1657788718324836-15383340318827175115-sas5-9955-451-sas-l7-balancer-8080-BAL-1531&text=%2Bcars&lr=10552&p=4&rnd=21710&missword=1
453,https://www.cars.com.na/
454,http://carprice.com/
455,https://zen.yandex.ru/car.ru
456,https://www.cars.ru/catalog/
457,https://www.Avito.ru/rossiya/transport
458,https://www.autowini.com/
459,/search/?msid=1657788718324836-15383340318827175115-sas5-9955-451-sas-l7-balancer-8080-BAL-1531&text=%2Bcars&lr=10552&p=5&rnd=94957&missword=1
460,https://www.pacogames.com/car
461,https://play.google.com/store/apps/category/GAME_RACING?hl=en_US&gl=US
462,https://www.auto4export.ru/aukciony/cars.com.html
463,https://www.netcarshow.com/
464,https://apps.apple.com/us/app/cars-com-new-used-cars/id353263352
465,https://www.edmunds.com/
466,https://finance.yahoo.com/quote/CARS/
467,https://musify.club/artist/the-cars-8272
468,https://www.autotrader.com/
469,https://carsguru.net/
470,https://www.carrentals.com/
471,https://www.cars.co.za/
472,https://www.expedia.com/Cars
473,http://www.carsales.com.au/
474,https://www.carscoops.com/
475,https://mycar.kz/cars
476,https://cars.ua/
477,https://carsweek.ru/
478,https://americanavto.com/aukcion/cars-com/
479,https://auto.vercity.ru/catalog/auto/
480,https://poki.com/en/car
481,https://www.anotherlife.info/prodazha-avtomobilej-v-yuzhnoj-koree-encar-avtorynok-i-avto-sajty-yuzhnoj-korei-autowini/
482,https://www.picknbuy24.com/usedcar/?location=korea
483,https://usa-auto-online.com/
484,https://www.vava.cars/
485,https://www.cargames.com/Car-games
486,https://translate.yandex.ru/dictionary/en-ru/car
487,https://www.gumtree.com/cars
488,https://motor.ru/
489,/search/?msid=1657788718324836-15383340318827175115-sas5-9955-451-sas-l7-balancer-8080-BAL-1531&text=%2Bcars&lr=10552&p=8&rnd=22257&missword=1
490,https://www.autonews.com/
491,https://www.carwow.co.uk/
492,http://rucars.ru/
493,https://www.car.info/
494,https://classiccars.com/
495,https://www.ooyyo.com/
496,https://www.auctionexport.com/en/Inventory
497,https://twitter.com/autoru
498,https://cars.kg/
499,https://www.onlinecars.at/
500,https://www.rentalcars.com/
501,https://kimuracars.com/
502,https://www.wsupercars.com/
503,https://Quote.RBC.ru/ticker/309695
504,https://www.ford.com/
505,https://www.pixar.com/feature-films/cars
506,https://www.autotempest.com/
507,https://avto-russia.ru/cars/
508,https://www.sahibinden.com/en/cars
509,https://Japancar.ru/parts/cars/
510,https://sberauto.com/cars
511,https://www.carmagazine.co.uk/
512,https://www.autocarindia.com/cars
513,https://www.bestcypruscar.com/
514,https://FreshAuto.ru/
515,/search/?msid=1657788718324836-15383340318827175115-sas5-9955-451-sas-l7-balancer-8080-BAL-1531&text=%2Bcars&lr=10552&p=10&rnd=16302&missword=1
516,https://www.carcomplaints.com/
517,https://www.skyscanner.net/carhire
518,https://www.motor1.com/
519,https://cars-scanner.com/
520,https://www.skyscanner.ru/carhire
521,https://cars-cars-cars.ru/
522,https://www.newcars.com/
523,https://electro.cars/cars
524,https://www.imdb.com/title/tt0317219/
525,https://www.ebay.co.uk/b/Cars/9801/bn_1839037
526,https://www.supercars.net/blog/all-brands/
527,https://cars.moscow/
528,https://carvago.com/
529,https://www.autoexpress.co.uk/
530,https://www.cars.com/
531,https://www.carsforsale.com/
532,https://www.carmax.com/cars
533,https://www.cargurus.com/Cars/new/
534,https://cars.usnews.com/
535,https://www.autotrader.com/
536,https://www.cargurus.com/Cars/spt_used_cars
537,https://www.edmunds.com/
538,https://www.carmax.com/
539,https://cars.usnews.com/cars-trucks/best-city-cars
540,https://www.truecar.com/
541,https://www.carvana.com/cars
542,https://www.usedcars.com/
543,https://www.autotrader.com/cars-for-sale
544,https://www.motortrend.com/cars/
545,https://www.kbb.com/cars-for-sale/all
546,https://www.edmunds.com/new-cars/
547,https://www.cars.co.za/
548,https://cars.disney.com/
549,https://www.kbb.com/new-cars/
550,https://www.youtube.com/watch?v=SbXIj2T-_uk
551,https://www.msn.com/en-us/autos/marketplace
552,https://www.auto.com/
553,https://www.youtube.com/watch?v=2LeOH9AGJQM
554,https://www.zigwheels.com/newcars
555,https://www.carwale.com/
556,https://apps.apple.com/us/app/cars-com-new-used-cars/id353263352
557,https://www.carfax.com/Used-Cars-in-Los-Angeles-CA_c4914
558,https://en.wikipedia.org/wiki/Cars_(franchise)
559,https://www.vroom.com/cars
560,https://cars.usnews.com/cars-trucks/compare
561,https://carsinc.com/
562,https://cars.coffee/
563,https://www.wpspublish.com/cars-2-childhood-autism-rating-scale-second-edition
564,https://www.car.gr/
565,https://buffalocars.com/
566,https://newyork.craigslist.org/search/cta
567,https://newjersey.craigslist.org/search/cta
568,https://www.ford.com/new-cars/
569,https://www.carsforsale.com/new-cars-for-sale
570,https://www.toyota.com/cars/
571,https://www.consumerreports.org/cars/
572,https://cars.disney.com/movies
573,https://www.imdb.com/title/tt1216475/
574,http://thecars.org/
575,https://www.car.com/
576,https://www.autotrader.ca/
577,https://disney.fandom.com/wiki/Cars
578,https://columbiamo.craigslist.org/search/cta
579,https://www.facebook.com/marketplace/category/cars/
580,http://cars.org/
581,https://www.iseecars.com/cars-for-sale
582,https://www.truecar.com/used-cars-for-sale/listings/
583,https://www.autotrader.co.za/
584,https://www.amazon.com/Cars-Owen-Wilson/dp/B0049IWQJW
585,https://www.pixar.com/feature-films/cars
586,https://www.edmunds.com/used-cars-for-sale/
587,https://www.rottentomatoes.com/m/cars_3
588,https://cars.oodle.com/
589,https://itunes.apple.com/us/movie/cars/id188764984
590,https://movies.disney.com/cars-3
591,https://finance.yahoo.com/quote/CARS/
592,https://www.autotrader.co.uk/
593,https://www.autotrader.co.uk/cars/uk
594,https://www.imdb.com/title/tt3606752/
595,https://www.carvana.com/
596,https://atlanta.craigslist.org/search/cta
597,https://www.reddit.com/r/cars/
598,https://www.rottentomatoes.com/m/cars
599,https://www.autonation.com/cars-for-sale
600,https://investor.cars.com/overview/default.aspx
601,https://www.caranddriver.com/
602,https://cars24.com/ae/buy-used-MERCEDES-BENZ-GLE-CLASS-2017-cars-Dubai-9714812221
603,https://www.atlantabestusedcars.com/details-2017-cadillac-xt5-premium_luxury_fwd-used-1gykncrs7hz113557.html
604,https://ms.wikipedia.org/wiki/Cars_3
605,https://www.goautokelowna.ca/
606,https://en.wikipedia.org/wiki/Waverley_Cars
607,https://www.supercars.com/news/championship/van-gisbergen-davison-tyre-difference-unfair/
608,https://www.donedeal.ie/cars/KIA/e-Niro/Petrol
609,https://www.flyinmiata.com/V8/for_sale.html
610,https://www.the-sun.com/news/5762885/warner-robins-train-derailment-georgia-police/
611,https://bringatrailer.com/listing/2011-chevrolet-corvette-60/
612,https://flipboard.com/@CNETCars
613,https://www.ebay.co.uk/b/Citroen-Cars/18174/bn_2315825?mkevt=1&mkcid=1&mkrid=710-53481-19255-0&campid=5336728181&customid=&toolid=10001
614,https://twitter.com/Autopten
615,https://www.yearone.com/Home/FreeShipping
616,https://www.epicgames.com/fortnite/en-US/creative/island-codes/gto-s-grand-prix-race-cars-2944-6533-6815
617,https://sites.libsyn.com/403994/ttac-episode-5
618,https://ru.wikipedia.org/wiki/Complete_Greatest_Hits_(%D0%B0%D0%BB%D1%8C%D0%B1%D0%BE%D0%BC_The_Cars)
619,http://www.deptfordtributes.co.ukenzzcars.exblog.jp/
620,https://it.wikiquote.org/wiki/Rolls-Royce_Motor_Cars
621,https://tr.wikipedia.org/wiki/AC_Cars
622,https://fr.wikipedia.org/wiki/Mod%C3%A8le:Cars_R%C3%A9gion_AURA/Police
623,https://www.instagram.com/neutraldroptv/
624,https://duckduckgo.com/y.js?ad_domain=save70.com&ad_provider=bingv7aa&eddgt=tNMBB4f8U1BGZ2HZsRVl4A%3D%3D&rut=cebf129058a4fb3b11b23aa617b98529e5aa31f4c658c2b525884199afb15bfb&u3=https%3A%2F%2Fwww.bing.com%2Faclick%3Fld%3De8cQxXE1L6dUF7Z_UI1F5UFjVUCUyZz5tmaw3xCtP4shvJH1cPqnpHG79f3jaP4cQiDNQ2fb5F3Atq9UtRfB%2DKbo6DmBaXXi0UU5IW6nPu6M8mI1alAVLXHHxA7KG5ehgelRHoM0IYJ9MU_2emVOZ4wI57vehhQqmYZqc1nerW7dljgaRE_7Jnd7MYSZX1VwmIfwa0_8EYUy7u%2Dri2a2FfgK%2DisuBvkZ0dSz%2DF0abkyAJgFxi6IKI6MZHE0Cj9VZupwc4D6pS0S9FY0h8TKpHm8KDEBAF%2D0vYYVmpForHkwonReYmQlJ4qFrrkSIXODdzp4lgiYzjgkTajoaBbYcFSl2C7hNhH56xlcktXn0vYB3AD7mLDgQ4z5zTkTUtHiQsQPF3_AHhgXcG_fSpeExUxNuZcH1zBDerITyY3xpcubc3uxh2joYt5l%2DzKu_jW6xYIfYiJsGshOjqqBwgvBn05cfUnFuvd_faHJ5FgUcCeu8kgC4LEFURI2_oBqIgUHZBtN10cMzBjFCysx2XDGXknRVpPx97HccUcG4Abao_2BDYQm9pQzTyeiOqROvCmbUCTcd6fCQdeIsy8zh1QbDJspPjVnuZZaE6xOrAu9YLtXePQCtLOtHGQKvQhtLT9foBwGxJp6_0l97nw9ZB8guKdq0Qk9wdw2PzEsda8NST9W0cNGEPwb4YS9nbl6GS1NsPJye4Jf%2DQr7WtoJTXpUMRGRVwh0qamar8y_7vTgvSvNTVy9rt6wsIgYDdLIdpUGj%2D8BWVHHw%26u%3DaHR0cHMlM2ElMmYlMmZ3d3cuc2F2ZTcwLmNvbSUyZmNhcnMlMmYlM2ZjYW1wYWlnbmlkJTNkMzg4NTUzODIyJTI2YWRncm91cGlkJTNkMTIyOTI1NDI3MTQ2Nzc2NCUyNmxwYWdlJTNkYWxwaGElMjZsYiUzZHNreXMlMjZZYWxsYUJlaXRhciUzZDElMjZtc2Nsa2lkJTNkYmUyOTcxZTljMGMwMTU5NzE3NDAxMzI2MWQ4ZjM0NmElMjZ1dG1fc291cmNlJTNkYmluZyUyNnV0bV9tZWRpdW0lM2RjcGMlMjZ1dG1fY2FtcGFpZ24lM2RCX0NhcnMtV1ctJTI1NUJFTiUyNTVELURTS1RBQi1BTFBfU0tTLUxJUi0wM19NaXhlZF9LV3MlMjZ1dG1fdGVybSUzZGNhciUyNnV0bV9jb250ZW50JTNkQ2FyX1JlbnRhbHMlMjUyMChFeGFjdCk%26rlid%3Dbe2971e9c0c01597174013261d8f346a&vqd=3-139187322521571963207712610173906481126-249801865412715570953229494270362968738&iurl=%7B1%7DIG%3D81EFBAA9127B48B6B6D704A18218A85F%26CID%3D13A2BBBF105966A41F1FAA5E11DC6740%26ID%3DDevEx%2C5032.1
625,https://no.wikipedia.org/wiki/AC_Cars
626,https://search.aol.com/click/_ylt=Awr9Dt_V3c9iv1YA3xppCWVH;_ylu=Y29sbwNncTEEcG9zAzEEdnRpZAMEc2VjA3Ny/RV=2/RE=1657818710/RO=10/RU=https%3a%2f%2fwww.cars.com%2f/RK=0/RS=15SK3h0Ax.z58EZiTT92BYgDg8Y-
627,https://search.aol.com/click/_ylt=Awr9Dt_V3c9iv1YA6xppCWVH;_ylu=Y29sbwNncTEEcG9zAzIEdnRpZAMEc2VjA3Ny/RV=2/RE=1657818710/RO=10/RU=https%3a%2f%2fwww.carsforsale.com%2f/RK=0/RS=TY9IWGcZVFSBWNfCWVh6j6koUS8-
628,https://search.aol.com/click/_ylt=Awr9Dt_V3c9iv1YA7BppCWVH;_ylu=Y29sbwNncTEEcG9zAzMEdnRpZAMEc2VjA3Ny/RV=2/RE=1657818710/RO=10/RU=https%3a%2f%2fwww.cargurus.com%2fCars%2fnew%2f/RK=0/RS=FzxLy80qjNtBPdt8C_luqI6lIUk-
629,https://search.aol.com/click/_ylt=Awr9Dt_V3c9iv1YA8xppCWVH;_ylu=Y29sbwNncTEEcG9zAzQEdnRpZAMEc2VjA3Ny/RV=2/RE=1657818710/RO=10/RU=https%3a%2f%2fwww.carmax.com%2fcars/RK=0/RS=YKg8URwzlb.aC.bmu3VItlrBRvQ-
630,https://search.aol.com/click/_ylt=Awr9Dt_V3c9iv1YA9BppCWVH;_ylu=Y29sbwNncTEEcG9zAzUEdnRpZAMEc2VjA3Ny/RV=2/RE=1657818710/RO=10/RU=https%3a%2f%2fcars.usnews.com%2f/RK=0/RS=VUEPa7ChryJUBa315xZRhpS9gGc-
631,https://search.aol.com/click/_ylt=Awr9Dt_V3c9iv1YA9RppCWVH;_ylu=Y29sbwNncTEEcG9zAzYEdnRpZAMEc2VjA3Ny/RV=2/RE=1657818710/RO=10/RU=https%3a%2f%2fwww.autotrader.com%2f/RK=0/RS=DSH8qUaiseszxMuMRcWcxtxAoTE-
632,https://search.aol.com/click/_ylt=Awr9Dt_V3c9iv1YA9hppCWVH;_ylu=Y29sbwNncTEEcG9zAzcEdnRpZAMEc2VjA3Ny/RV=2/RE=1657818710/RO=10/RU=https%3a%2f%2fwww.cargurus.com%2fCars%2fspt_used_cars/RK=0/RS=p70EvdeF.jF97t9LUvpLbUYLaCg-
633,https://search.aol.com/click/_ylt=Awr9Dt_V3c9iv1YA9xppCWVH;_ylu=Y29sbwNncTEEcG9zAzgEdnRpZAMEc2VjA3Ny/RV=2/RE=1657818710/RO=10/RU=https%3a%2f%2fcars.usnews.com%2fcars-trucks%2fbest-city-cars/RK=0/RS=V71.B1K9v4vXBH1DBOoqd0KpAXM-
634,https://search.aol.com/click/_ylt=Awr9Dt_V3c9iv1YA.BppCWVH;_ylu=Y29sbwNncTEEcG9zAzkEdnRpZAMEc2VjA3Ny/RV=2/RE=1657818710/RO=10/RU=https%3a%2f%2fwww.edmunds.com%2f/RK=0/RS=NywNZ1VSPCp8sILvYOEUfb5X7K4-
635,https://www.cars.com/
636,https://cn.bing.com/dict/cars
637,https://fy.tingclass.net/w/cars
638,http://dict.cn/Cars
639,https://www.hujiang.com/ciku/cars/
640,https://wenku.baidu.com/view/a079c904e518964bcf847ce0.html
641,https://wenku.baidu.com/view/4902c917cbaedd3383c4bb4cf7ec4afe04a1b1ab.html
642,http://baijiahao.baidu.com/s?id=1731084540445706668&wfr=spider&for=pc
643,http://baijiahao.baidu.com/s?id=1726421750122973796&wfr=spider&for=pc
644,https://zhidao.baidu.com/question/443980539.html
645,https://www.volvocars.com/
646,https://v.qq.com/detail/1/11va24thktzg1ac.html
647,https://www.iqiyi.com/playlist446916702.html
648,https://cn.bing.com/dict/cars.
649,https://www.cars.com/mobile/
650,https://zhidao.baidu.com/question/1899569068599060620.html
651,http://www.frdic.com/dicts/f/Cars.html
652,http://search.jd.com/search?author=Cars&enc=utf-8
653,https://www.tianyancha.com/brand/bc52a256728
654,https://www.aigei.com/view/63213.html
655,http://quote.eastmoney.com/us/CARS.html
656,https://www.botb.com/prizes/cars
657,https://search.bilibili.com/all?keyword=cars&from_source=video_tag
658,https://www.astonmartin.com/zh/cars
659,https://www.zhev.com.cn/special/cars/
660,http://www.lolacars.com/
661,https://advocacy.consumerreports.org/issue/cars/
662,https://www.boston.com/category/cars
663,https://tieba.baidu.com/f?kw=carsickcars
664,https://www.carsforsale.com/
665,https://zhidao.baidu.com/question/714144809530804525.html
666,https://www.edmunds.com/
667,https://www.carsbeauty.com/
668,https://www.cartrade.com/
669,https://www.timesunion.com/cars/
670,https://movie.douban.com/review/5039088/
671,https://www.youku.com/show_page/id_zcc140598962411de83b1.html
672,https://weibo.com/n/CARSICKCARS
673,https://movie.douban.com/subject/1428878/
674,http://baijiahao.baidu.com/s?id=1676379998135047972&wfr=spider&for=pc
675,https://www.bilibili.com/video/BV1nE411f7KH
676,http://thecars.com.cn/
677,https://www.9game.cn/qcyxcars/
678,http://www.mtime.com/movie/22051/
679,https://www.carsales.com.au/car-research/
680,https://www.cars.com/about
681,https://cars.usnews.com/
682,https://movie.douban.com/review/5206507/
683,https://www.goldmansachs.com/insights/topics/cars.html
684,https://www.pakwheels.com/
685,https://www.toyota.ca/
686,http://m.hyundaiusa.com/
687,https://www.uslegendcars.com/
688,https://www.weibo.com/volvocarschina
689,http://www.imcdb.org/
690,https://www.carlist.my/
691,http://www.carmax-cars.com/
692,https://www.imdb.com/title/tt0317219/
693,https://www.nationalcar.com/en/car-rental/vehicles/us/cars.html
694,https://www.youku.com/show_page/id_z192f77a0b11f11e6b9bb.html?from=y1.12-96
695,https://www.cars.com/contact/
696,https://movie.douban.com/review/1288123/
697,http://tag.120ask.com/jibing/zibizheng/1609.html
698,https://www.vccperformanceacademy.com/
699,http://www.minecraftxz.com/Cars/
700,http://m.letv.com/vplay_21885330.html
701,http://www.mudrunnermods.com/category/cars/
702,https://view.inews.qq.com/a/20220709V08KM200
703,http://www.abarth.com/
704,http://www.laokaoya.com/46815.html
705,https://fo.ifeng.com/c/8HTyiRbdYQP
706,https://www.bilibili.com/video/av11192737/
707,https://www.carsondemand.com/
708,https://www.elecfans.com/tags.php?/CARS/
709,https://www.bilibili.com/video/BV1Ri4y1j7Ju
710,https://www.iqiyi.com/w_19rtd2983h.html
711,https://www.goldmansachs.com/our-thinking/technology-driving-innovation/cars-2025/index.html
712,https://weibo.com/u/5148153495
713,https://v.qq.com/detail/o/oymjfyr4vblzbcx.html
714,https://www.bilibili.com/video/BV1ra4y1J7v4
715,https://www.iqiyi.com/lib/s_211260705.html
716,https://v.youku.com/v_show/id_XMzMxMzA0NDUxMg==.html
717,http://book.wawayaya.com/book/206904964199077/Cars.html
718,https://www.bilibili.com/video/av18611778
719,https://weibo.com/n/Auto-Cars
720,https://v.youku.com/v_show/id_XNDc1NDU4NzY0NA==.html
721,http://www.cmc-modelcars.cn/worldwide.html
722,https://m.le.com/vplay_21868831.html
723,http://v.baidu.com/link?url=dm_00ogD4kbnmErQn674ZlWYfXpJVo3fIDlrtyZmlHM-whSj-xcFFHQsC1Ci93YkE2YZOg0b2b8hk1rNzNsYll62ilqiyFeiPlPSmoX7cXo5xZBLuxUjqjrspijjNHXHQGat9SU21KZNskR8.&page=videoMultiNeed
724,http://www.laokaoya.com/39538.html
725,http://news.sohu.com/a/565380504_100122161
726,https://www.bilibili.com/read/cv15415545/
727,https://tieba.baidu.com/hottopic/browse/hottopic?topic_id=1133137
728,http://v.baidu.com/watch/122247901110028782.html?recFrom=site&list=3&fr=www.m.baidu.com/
729,https://www.iqiyi.com/playlist9000000003551102.html
730,http://news.sohu.com/a/566798953_100122161
731,https://v.qq.com/biu/creator/home?vcuid=9000138195
732,https://www.carsales.com.au/editorial/green-cars-category/
733,https://v.youku.com/v_show/id_XNTE4Mzk3MjI4MA==.html
734,https://v.youku.com/v_show/id_XNTI2NTY4MjQ4.html
735,https://weibo.com/n/Top-Cars
736,http://movie.mtime.com/22051/
737,https://www.volvocars.com/intl
738,https://www.1905.com/m/film/1935415.shtml?fr=mdbsh5_zp
739,https://v.qq.com/x/star/8300556
740,https://v.youku.com/v_show/id_XMTM5Mzc3MDExNg==.html
741,https://movie.douban.com/review/1144640/
742,https://www.9game.cn/21cars/
743,https://www.1905.com/mdb/film/1935415/info
744,https://movie.douban.com/subject/3749082/
745,https://v.youku.com/v_show/id_XNTI2MDczMTg0.html
746,https://www.imdb.com/title/tt0317219
747,https://www.elecfans.com/tags/cars/soft/?orderby=hot
748,http://www.hotwheels.com/
749,https://www.mercedes-benz.com.au/
750,http://v.baidu.com/watch/3487316621561497207.html?recFrom=site&page=videoMultiNeed
751,https://hennesseyperformance.com/
752,https://www.56.com/u20/v_MTUxNjk5MjQ5.html
753,https://cars.mclaren.com/
754,https://www.bilibili.com/video/av37455592/
755,https://www.1905.com/mdb/film/1935415
756,https://www.9game.cn/carsdelivery
757,http://quote.eastmoney.com/us/CARS.html?Market=NYSE
758,https://www.1905.com/mdb/film/2087799/performer/
759,https://www.bilibili.com/video/av73972085
760,https://www.aliexpress.com/price/diagnostics-for-cars-price.html
761,https://movie.douban.com/people/53567820/collect?sort=time&filter=all&tag=经典&mode=grid
762,https://weibo.com/volvocarschina/
763,https://v.qq.com/biu/msearch_detail?id=oymjfyr4vblzbcx
764,https://www.bilibili.com/video/av85056269/
765,https://v.qq.com/detail/1/11va24thktzg1ac.html?vid=h0316y4ddq3
766,https://v.youku.com/v_show/id_XNzM1MTIxMjg0.html
767,https://movie.douban.com/people/wangdoudou20/collect?sort=time&start=0&tag=中国&mode=list
768,https://movie.douban.com/people/wangdoudou20/collect?sort=title&tag=电视剧&mode=list
769,https://movie.douban.com/review/12711641/
770,https://www.1905.com/mdb/film/403812?fr=nplay_glyp
771,https://movie.douban.com/people/2680190/collect?sort=time&filter=all&tag=CARS&mode=grid
772,https://www.bilibili.com/video/BV1u4411S7Rh
773,https://www.bilibili.com/video/av25234143/
774,https://www.bilibili.com/video/av11206774
775,https://www.bilibili.com/video/BV1c5411L7Y4/
776,https://www.bilibili.com/video/av33461161
777,https://www.bilibili.com/video/BV1AJ411z7d9
778,https://ent.ifeng.com/c/8HTyiRbdYQP
779,https://www.bilibili.com/video/av73972085/
780,https://www.youku.com/show_page/id_zcc048bcc962411de83b1.html
781,https://www.bilibili.com/video/av29960479/
782,https://www.bilibili.com/video/BV1Px411j7W4/
783,https://www.bilibili.com/video/BV13s41127D6
784,https://www.bilibili.com/video/BV1iz411B7Mo
785,https://www.bilibili.com/video/av331106804/
786,https://www.bilibili.com/read/cv5166992/
787,https://www.bilibili.com/video/BV1Fx411Y7iU
788,https://www.bilibili.com/video/av670238012/
789,https://www.1905.com/mdb/film/403812/
790,https://www.imdb.com/title/tt1216475/
791,https://weibo.com/n/Cars_CN
792,https://www.elecfans.com/tags.php?/CARS
793,https://v.youku.com/v_show/id_XMjc4MjkwNzgw.html
794,https://movie.douban.com/subject/1428878/releaseinfo
795,https://www.1905.com/mdb/star/1116532/works/
796,https://movie.douban.com/people/53567820/collect?start=0&sort=time&filter=all&mode=grid
797,https://www.1905.com/mdb/film/2024429/
798,https://www.bilibili.com/video/BV13t4y1C7p8?p=4
799,https://v.qq.com/x/page/g0325rwtx0u.html
800,https://movie.douban.com/subject/26713146/
801,https://www.9game.cn/impossible2cars/
802,https://www.bilibili.com/video/av202636887/
803,https://www.aliexpress.com/price/cars-sticker-price.html
804,https://www.bilibili.com/video/av500420555/
805,https://www.bilibili.com/video/av8311597
806,https://movie.douban.com/people/1715739/collect
807,https://movie.douban.com/subject/3749082
808,https://news.ifeng.com/c/8HTyiRbdYQP
809,https://www.bilibili.com/video/av28642918
810,https://weibo.com/n/沃尔沃汽车VolvoCars
811,https://movie.douban.com/subject/3749082/celebrities
812,https://www.1905.com/mdb/film/2024429
813,https://www.bilibili.com/video/av970009878
814,https://www.weibo.com/volvocarschina?refer_flag=1005055013_
815,https://www.imdb.com/title/tt0814044/
816,https://www.1905.com/mdb/film/2105969/info/
817,https://www.1905.com/mdb/film/2005978/
818,https://www.weibo.com/volvocarschina/
819,https://movie.douban.com/people/53567820/collect?sort=time&filter=all&tag=美国&mode=grid
820,https://www.1905.com/mdb/film/1935415/
821,https://v.qq.com/x/page/e08608rwh8s.html
822,https://www.1905.com/mdb/film/47958/
823,https://v.qq.com/biu/creator/home?vcuid=9000939321
824,https://movie.douban.com/people/53567820/collect?sort=rating&start=0&filter=video&mode=grid
825,https://www.1905.com/mdb/film/2005978
826,https://www.1905.com/mdb/film/2005978/info/
827,https://v.youku.com/v_show/id_XMjQ4NTU3NDMzMg==.html
828,https://movie.douban.com/people/53567820/collect?start=0&sort=time&filter=video&mode=grid
829,https://v.youku.com/v_show/id_XMjcxODQ1OTc2.html
830,https://v.qq.com/x/page/l0015y4pl53.html
831,https://v.youku.com/v_show/id_XMTQzNzA0MTY2OA==.html
832,https://movie.douban.com/people/53567820/wish?sort=title&start=0&mode=grid
833,https://www.imdb.com/title/tt0081698/
834,https://movie.douban.com/people/53567820/wish?sort=rating&start=0&mode=grid
835,https://v.youku.com/v_show/id_XMjg5MzIxNTc5Ng==.html
836,https://v.youku.com/v_show/id_XMzUwNDYxNDU3Mg==.html
837,https://v.qq.com/x/page/c0523saeveq.html
838,https://www.nfscars.net/search/?q=fix
839,https://v.youku.com/v_show/id_XMjc2OTY3NjI0.html
840,https://movie.douban.com/subject/3069324/
841,https://v.youku.com/v_show/id_XMzk4MzA0MTIw.html
842,https://movie.douban.com/people/53567820/collect
843,https://movie.douban.com/people/53567820/collect?start=15&sort=time&filter=all&mode=grid
844,https://movie.douban.com/people/wangdoudou20/collect?sort=time&filter=video&tag=电视剧&mode=grid
845,https://www.bilibili.com/read/cv11581357
846,https://www.bilibili.com/video/av886104906/
847,https://www.bilibili.com/video/BV1a54y1r7YV/
848,https://movie.douban.com/people/53567820/collect?sort=time&start=0&filter=all&mode=grid
849,https://movie.douban.com/people/wangdoudou20/collect?sort=time&filter=all&tag=日本&mode=list
850,https://movie.douban.com/people/53567820/wish?sort=time&start=0&filter=video&mode=grid
851,https://movie.douban.com/people/53567820/collect?sort=time&filter=all&tag=电视剧&mode=grid
852,https://www.bilibili.com/medialist/play/ml48666212
853,https://www.bilibili.com/video/BV1vB4y1y7ub
854,https://www.lego.com/en-us/categories/car
855,https://www.web-cars.com/
856,https://www.sfmta.com/getting-around/muni/cable-cars
857,https://www.nvidia.com/en-us/self-driving-cars/
858,http://www.matchbox.com/
859,http://www.mgts.com/
860,https://v.youku.com/v_show/id_XNzk5MTM4ODIw.html
861,https://movie.douban.com/people/wangdoudou20/collect?sort=time&filter=all&tag=动作&mode=list
862,https://movie.douban.com/subject/1428878/photos?type=R
863,https://v.youku.com/v_show/id_XNDQwMjM1MjE3Mg==.html
864,https://movie.douban.com/people/53883915/collect?sort=rating&start=0&mode=grid
865,https://v.youku.com/v_show/id_XNzM1MTMyNTI4.html
866,https://www.bilibili.com/video/av711916017/
867,https://v.youku.com/v_show/id_XMTUzMDc2NjY1Mg==.html
868,https://www.bilibili.com/video/av585163291
869,https://www.bilibili.com/video/bv18w411d7h9/
870,https://www.bilibili.com/video/av32809433
871,https://www.bilibili.com/video/av26724292/?redirectFrom=h5
872,https://v.youku.com/v_show/id_XNTE3MDYxNjQ3Ng==
873,https://v.youku.com/v_show/id_XNDM2MzY2NjE4MA==.html
874,https://www.bilibili.com/video/BV1QW411U71Q
875,https://v.youku.com/v_show/id_XMjgyMjkzNDgxMg==.html
876,https://v.youku.com/v_show/id_XNDU2OTU3NTk0NA==.html
877,https://v.youku.com/v_show/id_XOTYwNDc4MzY0.html
878,https://v.youku.com/v_show/id_XOTM4MDgxOTQ4.html
879,https://v.youku.com/v_show/id_XMTQ5NzM2NDIwMA==.html
880,https://www.iqiyi.com/v_19ruglawfk.html
881,https://www.1905.com/mdb/film/2005978/info
882,https://www.iqiyi.com/lib/s_210328905.html
883,https://movie.douban.com/people/53567820/collect?sort=time&filter=video&tag=美国&mode=grid
884,https://v.youku.com/v_show/id_XMTQxMzk5MDkzMg==.html
885,https://v.youku.com/v_show/id_XNDU2OTU3NTc3Ng==.html
886,https://v.youku.com/v_show/id_XMTM4NzYzNjM4NA==.html
887,https://www.bilibili.com/video/av35317460
888,https://www.bilibili.com/video/BV1EC4y147nL
889,https://www.bilibili.com/video/av327897742/
890,https://www.bilibili.com/video/av457506925
891,https://v.youku.com/v_show/id_XNDU2OTIxMTY0OA==.html
892,https://v.youku.com/v_show/id_XMTQxMzcyMDM4NA==.html
893,https://v.youku.com/v_show/id_XMjIxMDk3NjQ4.html
894,https://www.bilibili.com/video/av16488235/
895,https://wenku.baidu.com/view/5c116a6d910ef12d2bf9e722.html
896,https://www.bilibili.com/video/bv1z54y1r7sp
897,https://www.bilibili.com/video/av330168706
898,https://www.bilibili.com/video/av885216587/?ivk_sa=1024320u
899,https://v.youku.com/v_show/id_XNDgyMTkzMTk1Ng==.html
900,https://v.youku.com/v_show/id_XMzQ4OTY5MzcxNg==.html
901,https://v.youku.com/v_show/id_XNDc3NjQzMDE5Ng==.html
902,https://v.youku.com/v_show/id_XMzk3NzkzNjY4.html
903,https://www.bilibili.com/read/cv14256401
904,https://www.bilibili.com/video/av14745852
